Num_Circo;Nom;Prenom;Nb_Voix;Prenom_Nom;sexe
001-01;BRETON;Xavier;24407;Xavier_BRETON;homme
001-01;GUÉRAUD;Sébastien;0;;
001-02;DAUBIÉ;Romain;24960;Romain_DAUBIÉ;homme
001-02;LAPRAY;Lumir;0;;
001-03;GIVERNET;Olga;18398;Olga_GIVERNET;femme
001-03;JOLIE;Christian;0;;
001-04;BUISSON;Jérôme;22601;Jérôme_BUISSON;homme
001-04;LERDA;Philippe;0;;
001-05;ABAD;Damien;17687;Damien_ABAD;homme
001-05;PISANI;Florence;0;;
002-01;DRAGON;Nicolas;17058;Nicolas_DRAGON;homme
002-01;BONO-VANDORME;Aude;0;;
002-02;DIVE;Julien;17463;Julien_DIVE;homme
002-02;PUISSANT;Lola;0;;
002-03;BRICOUT;Jean-Louis;15586;Jean-Louis_BRICOUT;homme
002-03;HANSEN-CATTA;Paul-Henry;0;;
002-04;BEAURAIN;José;17587;José_BEAURAIN;homme
002-04;DELATTE;Marc;0;;
002-05;DESSIGNY;Jocelyn;20589;Jocelyn_DESSIGNY;homme
002-05;FRERE;Stéphane;0;;
003-01;MONNET;Yannick;21832;Yannick_MONNET;homme
003-01;BARBARIN;Michel;0;;
003-02;BOVET;Jorys;16116;Jorys_BOVET;homme
003-02;HERITIER;Louise;0;;
003-03;RAY;Nicolas;19296;Nicolas_RAY;homme
003-03;PEYROL;Bénédicte;0;;
004-01;GIRARD;Christian;14791;Christian_GIRARD;homme
004-01;BAGARRY;Delphine;0;;
004-02;WALTER;Léo;16063;Léo_WALTER;homme
004-02;CASTANER;Christophe;0;;
005-01;BOYER;Pascale;13767;Pascale_BOYER;femme
005-01;PHILIPPO;Michel;0;;
005-02;GIRAUD;Joel;15058;Joel_GIRAUD;homme
005-02;MOUNAL;Capucine;0;;
006-01;CIOTTI;Eric;17737;Eric_CIOTTI;homme
006-01;MONETTI;Graig;0;;
006-02;TIVOLI;Lionel;18557;Lionel_TIVOLI;homme
006-02;DOMBREVAL;Loïc;0;;
006-03;PRADAL;Philippe;19043;Philippe_PRADAL;homme
006-03;GIUSTI;Enzo;0;;
006-04;MASSON;Alexandra;19487;Alexandra_MASSON;femme
006-04;VALETTA-ARDISSON;Alexandra;0;;
006-05;D'INTORNI;Christelle;19814;Christelle_D'INTORNI;femme
006-05;BRENIER-OHANESSIAN;Marine;0;;
006-06;MASSON;Bryan;17564;Bryan_MASSON;homme
006-06;MION;Jean-Bernard;0;;
006-07;PAUGET;Eric;22496;Eric_PAUGET;homme
006-07;MELE;Eric;0;;
006-08;MARTIN;Alexandra;21547;Alexandra_MARTIN;femme
006-08;DESENS;Jean-Valéry;0;;
006-09;TABAROT;Michèle;19955;Michèle_TABAROT;femme
006-09;GALBERT;Franck;0;;
007-01;SAULIGNAC;Hervé;21550;Hervé_SAULIGNAC;homme
007-01;PORQUET;Céline;0;;
007-02;DUSSOPT;Olivier;25684;Olivier_DUSSOPT;homme
007-02;GOULOUZELLE;Christophe;0;;
007-03;BRUN;Fabrice;24896;Fabrice_BRUN;homme
007-03;PALLOT;Florence;0;;
008-01;VUIBERT;Lionel;14861;Lionel_VUIBERT;homme
008-01;RICHARD;Laurent;0;;
008-02;CORDIER;Pierre;15977;Pierre_CORDIER;homme
008-02;PHILIPPO;Baptiste;0;;
008-03;WARSMANN;Jean-Luc;15575;Jean-Luc_WARSMANN;homme
008-03;LEMOINE;David;0;;
009-01;TAURINE;Bénédicte;14746;Bénédicte_TAURINE;femme
009-01;TRIBOUT;Anne-Sophie;0;;
009-02;PANIFOUS;Laurent;16225;Laurent_PANIFOUS;homme
009-02;LARIVE;Michel;0;;
010-01;GUITTON;Jordan;16093;Jordan_GUITTON;homme
010-01;BESSON-MOREAU;Grégory;0;;
010-02;BAZIN-MALGRAS;Valérie;19730;Valérie_BAZIN-MALGRAS;femme
010-02;HENRY;Evelyne;0;;
010-03;RANC;Angélique;13913;Angélique_RANC;femme
010-03;BEURY;Loëtitia;0;;
011-01;BARTHÈS;Christophe;23914;Christophe_BARTHÈS;homme
011-01;COURRIÈRE CALMON;Sophie;0;;
011-02;FALCON;Frédéric;20719;Frédéric_FALCON;homme
011-02;PEREA;Alain;0;;
011-03;RANCOULE;Julien;22725;Julien_RANCOULE;homme
011-03;ADDA--NETTER;Johanna;0;;
012-01;MAZARS;Stéphane;23137;Stéphane_MAZARS;homme
012-01;THEBAULT;Léon;0;;
012-02;ALEXANDRE;Laurent;17352;Laurent_ALEXANDRE;homme
012-02;DEGUARA;Samuel;0;;
012-03;ROUSSET;Jean-François;18835;Jean-François_ROUSSET;homme
012-03;RHIN;Michel;0;;
013-01;AGRESTI ROUBACHE;Sabrina;15459;Sabrina_AGRESTI ROUBACHE;femme
013-01;GRISETI;Monique;0;;
013-02;PITOLLAT;Claire;22005;Claire_PITOLLAT;femme
013-02;RUPNIK;Alexandre;0;;
013-03;LELOUIS;Gisèle;14300;Gisèle_LELOUIS;femme
013-03;BENSAADA;Mohamed;0;;
013-04;BOMPARD;Manuel;17118;Manuel_BOMPARD;homme
013-04;AKODAD;Najat;0;;
013-05;DAVI;Hendrik;17295;Hendrik_DAVI;homme
013-05;RACON-BOUZON;Cathy;0;;
013-06;ROYER-PERREAUT;Lionel;16646;Lionel_ROYER-PERREAUT;homme
013-06;BEZ;Éléonore;0;;
013-07;DELOGU;Sébastien;11960;Sébastien_DELOGU;homme
013-07;SELLOUM;Arezki;0;;
013-08;ZULESI;Jean-Marc;22823;Jean-Marc_ZULESI;homme
013-08;TONUSSI;Romain;0;;
013-09;MÉLIN;Joëlle;23757;Joëlle_MÉLIN;femme
013-09;TROTTMANN;Lucas;0;;
013-10;GONZALEZ;José;27463;José_GONZALEZ;homme
013-10;MESURE;Marina;0;;
013-11;LAQHILA;Mohamed;20753;Mohamed_LAQHILA;homme
013-11;FABRE-AUBRESPY;Hervé;0;;
013-12;ALLISIO;Franck;19175;Franck_ALLISIO;homme
013-12;DIARD;Eric;0;;
013-13;DHARRÉVILLE;Pierre;20105;Pierre_DHARRÉVILLE;homme
013-13;FOUQUART;Emmanuel;0;;
013-14;PETEL;Anne-Laurence;24245;Anne-Laurence_PETEL;femme
013-14;LE CACHEUX;Hélène;0;;
013-15;BAUBRY;Romain;25640;Romain_BAUBRY;homme
013-15;ANZALONE;Marie-Laurence;0;;
013-16;TACHE DE LA PAGERIE;Emmanuel;20820;Emmanuel_TACHE DE LA PAGERIE;homme
013-16;CAILLAULT;Christophe;0;;
014-01;LE VIGOUREUX;Fabrice;18496;Fabrice_LE VIGOUREUX;homme
014-01;FOURREAU;Emma;0;;
014-02;DELAPORTE;Arthur;18963;Arthur_DELAPORTE;homme
014-02;DUMONT PRIEUX;Sylvie;0;;
014-03;PATRIER-LEITUS;Jérémie;18545;Jérémie_PATRIER-LEITUS;homme
014-03;VILMET;Martine;0;;
014-04;BLANCHET;Christophe;28920;Christophe_BLANCHET;homme
014-04;MOURARET;Pierre;0;;
014-05;BOUYX;Bertrand;24235;Bertrand_BOUYX;homme
014-05;HAREL;Valérie;0;;
014-06;BORNE;Elisabeth;23435;Elisabeth_BORNE;femme
014-06;GAUCHARD;Noé;0;;
015-01;DESCOEUR;Vincent;18165;Vincent_DESCOEUR;homme
015-01;TEYSSEDOU;Michel;0;;
015-02;BONY;Jean-Yves;15443;Jean-Yves_BONY;homme
015-02;GUIBERT;Martine;0;;
016-01;MESNIER;Thomas;18854;Thomas_MESNIER;homme
016-01;PILATO;René;0;;
016-02;MARSAUD;Sandra;19964;Sandra_MARSAUD;femme
016-02;RAPPASSE;Marceau;0;;
016-03;COLOMBIER;Caroline;19980;Caroline_COLOMBIER;femme
016-03;MOCOEUR;Sylvie;0;;
017-01;FALORNI;Olivier;34576;Olivier_FALORNI;homme
017-01;SOUBESTE;Jean-Marc;0;;
017-02;BABAULT;Anne-Laure;25863;Anne-Laure_BABAULT;femme
017-02;RAYMOND;Nordine;0;;
017-03;ARDOUIN;Jean-Philippe;18295;Jean-Philippe_ARDOUIN;homme
017-03;COLLARD;Nathalie;0;;
017-04;GERARD;Raphaël;21447;Raphaël_GERARD;homme
017-04;MARKOWSKY;Pascal;0;;
017-05;PLASSARD;Christophe;28233;Christophe_PLASSARD;homme
017-05;WERBROUCK;Séverine;0;;
018-01;CORMIER BOULIGEON;François;17116;François_CORMIER BOULIGEON;homme
018-01;CHARPENTIER;Alex;0;;
018-02;SANSU;Nicolas;14433;Nicolas_SANSU;homme
018-02;POLY;Christine;0;;
018-03;KERVRAN;Loïc;20435;Loïc_KERVRAN;homme
018-03;DE LA TOCNAYE;Thibaut;0;;
019-01;DUBOIS;Francis;25825;Francis_DUBOIS;homme
019-01;DEVEAUD;Sandrine;0;;
019-02;MEUNIER;Frédérique;25881;Frédérique_MEUNIER;femme
019-02;HERZHAFT;Chloé;0;;
021-01;MARTIN;Didier;19473;Didier_MARTIN;homme
021-01;PEILLON;Antoine;0;;
021-02;BORDAT;Benoît;15715;Benoît_BORDAT;homme
021-02;HERVIEU;Catherine;0;;
021-03;KHATTABI;Fadila;14900;Fadila_KHATTABI;femme
021-03;MARC;Patricia;0;;
021-04;BRIGAND;Hubert;19291;Hubert_BRIGAND;homme
021-04;PONELLE;Jean-Marc;0;;
021-05;PARIS;Didier;20031;Didier_PARIS;homme
021-05;LIORET;René;0;;
022-01;COSSON;Mickaël;24865;Mickaël_COSSON;homme
022-01;GORGIARD;Marion;0;;
022-02;BERVILLE;Hervé;29411;Hervé_BERVILLE;homme
022-02;RICARD;Bruno;0;;
022-03;LE FUR;Marc;30012;Marc_LE FUR;homme
022-03;RAVARD;Antoine;0;;
022-04;LEPVRAUD;Murielle;21716;Murielle_LEPVRAUD;femme
022-04;KERLOGOT;Yannick;0;;
022-05;BOTHOREL;Eric;29496;Eric_BOTHOREL;homme
022-05;TROADEC;Marie-Amélie;0;;
023-01;COUTURIER;Catherine;21752;Catherine_COUTURIER;femme
023-01;MOREAU;Jean-Baptiste;0;;
024-01;MARTIN;Pascale;18366;Pascale_MARTIN;femme
024-01;CHASSAING;Philippe;0;;
024-02;MULLER;Serge;18891;Serge_MULLER;homme
024-02;DELPON;Michel;0;;
024-03;CUBERTAFON;Jean-Pierre;;Jean-Pierre_CUBERTAFON;homme
024-03;GIRARDEAU;Cyril;0;;
024-03;JOUBERT;Florence;0;;
024-04;PEYTAVIE;Sébastien;24263;Sébastien_PEYTAVIE;homme
024-04;DUBOIS;Jacqueline;0;;
025-01;CROIZIER;Laurent;17465;Laurent_CROIZIER;homme
025-01;VEZIES;Séverine;0;;
025-02;ALAUZET;Eric;19258;Eric_ALAUZET;homme
025-02;RAVACLEY;Stéphane;0;;
025-03;PACQUOT;Nicolas;13754;Nicolas_PACQUOT;homme
025-03;FRITSCH;Nathalie;0;;
025-04;GRANGIER;Géraldine;13357;Géraldine_GRANGIER;femme
025-04;BARBIER;Frédéric;0;;
025-05;GENEVARD;Annie;22678;Annie_GENEVARD;femme
025-05;ALPY;Philippe;0;;
026-01;CLAPOT;Mireille;17769;Mireille_CLAPOT;femme
026-01;CHKERI;Karim;0;;
026-02;POLLET;Lisette;21566;Lisette_POLLET;femme
026-02;REYNAUD;Gilles;0;;
026-03;POCHON;Marie;29635;Marie_POCHON;femme
026-03;DE LAVERGNE;Célia;0;;
026-04;ANTHOINE;Emmanuelle;27076;Emmanuelle_ANTHOINE;femme
026-04;JOUVET;Pierre;0;;
027-01;LOIR;Christine;18575;Christine_LOIR;femme
027-01;GIPSON;Séverine;0;;
027-02;LEVAVASSEUR;Katiana;17990;Katiana_LEVAVASSEUR;femme
027-02;GOUTTEFARDE;Fabien;0;;
027-03;MAUVIEUX;Kévin;21161;Kévin_MAUVIEUX;homme
027-03;TAMARELLE-VERHAEGHE;Marie;0;;
027-04;BRUN;Philippe;19824;Philippe_BRUN;homme
027-04;SAULIÈRE;Chrystelle;0;;
027-05;HOUSSIN;Timothée;19654;Timothée_HOUSSIN;homme
027-05;OUZILLEAU;François;0;;
028-01;KASBARIAN;Guillaume;22530;Guillaume_KASBARIAN;homme
028-01;GUILLEMAIN;Quentin;0;;
028-02;MARLEIX;Olivier;17957;Olivier_MARLEIX;homme
028-02;NIKOLIC;Aleksandar;0;;
028-03;LAMIRAULT;Luc;16055;Luc_LAMIRAULT;homme
028-03;FLAUNET;Régine;0;;
028-04;VIGIER;Philippe;17674;Philippe_VIGIER;homme
028-04;DE OLIVEIRA;Virginia;0;;
029-01;LE MEUR;Annaïg;25447;Annaïg_LE MEUR;femme
029-01;LEBERT;Grégory;0;;
029-02;LARSONNEUR;Jean-Charles;18127;Jean-Charles_LARSONNEUR;homme
029-02;CADALEN;Pierre-Yves;0;;
029-03;LE GAC;Didier;25169;Didier_LE GAC;homme
029-03;SMOLARZ;Pierre;0;;
029-04;LE FEUR;Sandrine;22872;Sandrine_LE FEUR;femme
029-04;VULPIANI;Sylvaine;0;;
029-05;MELCHIOR;Graziella;25585;Graziella_MELCHIOR;femme
029-05;SARRABEZOLLES;Nathalie;0;;
029-06;THOMIN;Mélanie;23948;Mélanie_THOMIN;femme
029-06;FERRAND;Richard;0;;
029-07;TANGUY;Liliana;22266;Liliana_TANGUY;femme
029-07;BOUIN;Yolande;0;;
029-08;BALANANT;Erwan;23292;Erwan_BALANANT;homme
029-08;LE FLAO;Youenn;0;;
02A-01;MARCANGELI;Laurent;12013;Laurent_MARCANGELI;homme
02A-01;COLONNA;Romain;0;;
02A-02;COLOMBANI;Paul-André;14746;Paul-André_COLOMBANI;homme
02A-02;BOZZI;Valérie;0;;
02B-01;CASTELLANI;Michel;13724;Michel_CASTELLANI;homme
02B-01;MORGANTI;Julien;0;;
02B-02;ACQUAVIVA;Jean-Félix;16777;Jean-Félix_ACQUAVIVA;homme
02B-02;CECCOLI;François-Xavier;0;;
030-01;GILLET;Yoann;17564;Yoann_GILLET;homme
030-01;DUMAS;Françoise;0;;
030-02;MEIZONNET;Nicolas;22595;Nicolas_MEIZONNET;homme
030-02;LACHAUD;Yvan;0;;
030-03;BORDES;Pascale;21619;Pascale_BORDES;femme
030-03;CELLIER;Anthony;0;;
030-04;MEURIN;Pierre;22289;Pierre_MEURIN;homme
030-04;BORD;Arnaud;0;;
030-05;SALA;Michel;22999;Michel_SALA;homme
030-05;LAUNAY;Jean-Marie;0;;
030-06;BERTA;Philippe;16921;Philippe_BERTA;homme
030-06;CADÈNE;Nicolas;0;;
031-01;CLOUET;Hadrien;22140;Hadrien_CLOUET;homme
031-01;BAUDIS;Pierre;0;;
031-02;STAMBACH-TERRENOIR;Anne;26895;Anne_STAMBACH-TERRENOIR;femme
031-02;LAGLEIZE;Jean-Luc;0;;
031-03;VIGNON;Corinne;23780;Corinne_VIGNON;femme
031-03;ROBY;Agathe;0;;
031-04;PIQUEMAL;François;19467;François_PIQUEMAL;homme
031-04;CONSTANS;Marie-Claire;0;;
031-05;PORTARRIEU;Jean-François;23948;Jean-François_PORTARRIEU;homme
031-05;ESPAGNOLLE;Sylvie;0;;
031-06;IBORRA;Monique;27569;Monique_IBORRA;femme
031-06;JOUVE;Fabien;0;;
031-07;BEX;Christophe;23644;Christophe_BEX;homme
031-07;TOUTUT-PICARD;Elisabeth;0;;
031-08;AVIRAGNET;Joël;24191;Joël_AVIRAGNET;homme
031-08;DELCHARD;Loic;0;;
031-09;ARRIGHI;Christine;21748;Christine_ARRIGHI;femme
031-09;MÖRCH;Sandrine;0;;
031-10;FAURE;Dominique;27118;Dominique_FAURE;femme
031-10;ASSIER;Alice;0;;
032-01;CAZENEUVE;Jean-René;18822;Jean-René_CAZENEUVE;homme
032-01;LEVIEUX;Pascal;0;;
032-02;TAUPIAC;David;22203;David_TAUPIAC;homme
032-02;BOURCIER;Maëva;0;;
033-01;CAZENAVE;Thomas;28292;Thomas_CAZENAVE;homme
033-01;CESTARI;Catherine;0;;
033-02;THIERRY;Nicolas;19433;Nicolas_THIERRY;homme
033-02;FABRE;Catherine;0;;
033-03;PRUD'HOMME;Loïc;24066;Loïc_PRUD'HOMME;homme
033-03;ROBERT;Fabien;0;;
033-04;DAVID;Alain;22876;Alain_DAVID;homme
033-04;KARACA;Melissa;0;;
033-05;DE FOURNAS;Grégoire;26263;Grégoire_DE FOURNAS;homme
033-05;MANEIRO;Olivier;0;;
033-06;POULLIAT;Eric;26893;Eric_POULLIAT;homme
033-06;FERGEAU-RENAUX;Vanessa;0;;
033-07;COUILLARD;Bérangère;20964;Bérangère_COUILLARD;femme
033-07;FERRAN;Jean-Renaud;0;;
033-08;PANONACLE;Sophie;31442;Sophie_PANONACLE;femme
033-08;LAMARA;Laurent;0;;
033-09;METTE;Sophie;22950;Sophie_METTE;femme
033-09;ANDRÉ;Sacha;0;;
033-10;BOUDIÉ;Florent;19581;Florent_BOUDIÉ;homme
033-10;CHADOURNE;Sandrine;0;;
033-11;DIAZ;Edwige;25092;Edwige_DIAZ;femme
033-11;HAMMERER;Véronique;0;;
033-12;LAVERGNE;Pascal;20364;Pascal_LAVERGNE;homme
033-12;FELD;Mathilde;0;;
034-01;MIRALLES;Patricia;19338;Patricia_MIRALLES;femme
034-01;COLET;Julien;0;;
034-02;OZIOL;Nathalie;17008;Nathalie_OZIOL;femme
034-02;YAGUE;Annie;0;;
034-03;CRISTOL;Laurence;22907;Laurence_CRISTOL;femme
034-03;MIGNACCA;Julia;0;;
034-04;ROME;Sébastien;26291;Sébastien_ROME;homme
034-04;BOUQUIN;Manon;0;;
034-05;GALZY;Stéphanie;23695;Stéphanie_GALZY;femme
034-05;POLARD;Pierre;0;;
034-06;MÉNARD;Emmanuelle;26255;Emmanuelle_MÉNARD;femme
034-06;CROZIER-DANIEL;Magali;0;;
034-07;LOPEZ LIGUORI;Aurélien;27378;Aurélien_LOPEZ LIGUORI;homme
034-07;BLASCO;Gabriel;0;;
034-08;CARRIERE;Sylvain;19483;Sylvain_CARRIERE;homme
034-08;DELAPIERRE;Cédric;0;;
034-09;VIGNAL;Patrick;19520;Patrick_VIGNAL;homme
034-09;BELAOUNI;Nadia;0;;
035-01;MATHIEU;Frédéric;25205;Frédéric_MATHIEU;homme
035-01;SAOUD;Hind;0;;
035-02;MAILLART-MÉHAIGNERIE;Laurence;28165;Laurence_MAILLART-MÉHAIGNERIE;femme
035-02;LAHAIS;Tristan;0;;
035-03;ROUAUX;Claudia;23784;Claudia_ROUAUX;femme
035-03;MARTINS;Christophe;0;;
035-04;HIGNET;Mathilde;22856;Mathilde_HIGNET;femme
035-04;PATAULT;Anne;0;;
035-05;LE NABOUR-CLOAREC;Christine;29690;Christine_LE NABOUR-CLOAREC;femme
035-05;RENAULT;Gilles;0;;
035-06;BENOIT;Thierry;26431;Thierry_BENOIT;homme
035-06;MOCQUARD;Hélène;0;;
035-07;BOURGEAUX;Jean-Luc;23704;Jean-Luc_BOURGEAUX;homme
035-07;LE GAGNE;Anne;0;;
035-08;BOULOUX;Mickaël;28261;Mickaël_BOULOUX;homme
035-08;BACHELIER;Florian;0;;
036-01;JOLIVET;François;18158;François_JOLIVET;homme
036-01;GONZALEZ;Éloïse;0;;
036-02;FORISSIER;Nicolas;22507;Nicolas_FORISSIER;homme
036-02;THIRION;Fabien;0;;
037-01;FOURNIER;Charles;17461;Charles_FOURNIER;homme
037-01;CHALUMEAU;Philippe;0;;
037-02;LABARONNE;Daniel;22663;Daniel_LABARONNE;homme
037-02;GOBERT;Christelle;0;;
037-03;ALFANDARI;Henri;25792;Henri_ALFANDARI;homme
037-03;SIRVEN;Roxane;0;;
037-04;COLBOC;Fabienne;21185;Fabienne_COLBOC;femme
037-04;BAUMEL;Laurent;0;;
037-05;THILLAYE;Sabine;22055;Sabine_THILLAYE;femme
037-05;LOUISIN;Ambre;0;;
038-01;VÉRAN;Olivier;25512;Olivier_VÉRAN;homme
038-01;ROBIN;Salomé;0;;
038-02;CHATELAIN;Cyrielle;16992;Cyrielle_CHATELAIN;femme
038-02;COLAS-ROY;Jean-Charles;0;;
038-03;MARTIN;Élisa;15326;Élisa_MARTIN;femme
038-03;CHALAS;Emilie;0;;
038-04;BATTISTEL;Marie-Noëlle;24016;Marie-Noëlle_BATTISTEL;femme
038-04;LACROIX;Fanny;0;;
038-05;IORDANOFF;Jérémie;25010;Jérémie_IORDANOFF;homme
038-05;JAY;Florence;0;;
038-06;JOLLY;Alexis;18667;Alexis_JOLLY;homme
038-06;MOTIN;Cendra;0;;
038-07;NEUDER;Yannick;23678;Yannick_NEUDER;homme
038-07;MOULIN-COMTE;Alexandre;0;;
038-08;ABADIE;Caroline;18251;Caroline_ABADIE;femme
038-08;AUGUSTE;Benoit;0;;
038-09;JACQUIER-LAFORGE;Elodie;24427;Elodie_JACQUIER-LAFORGE;femme
038-09;NOSBÉ;Sandrine;0;;
038-10;MEYNIER-MILLEFERT;Marjolaine;20282;Marjolaine_MEYNIER-MILLEFERT;femme
038-10;GERMAIN;Nathalie;0;;
039-01;BRULEBOIS;Danielle;16833;Danielle_BRULEBOIS;femme
039-01;BRONDEL;Anthony;0;;
039-02;DALLOZ;Marie-Christine;15380;Marie-Christine_DALLOZ;femme
039-02;TERNANT;Evelyne;0;;
039-03;GRUET;Justine;19397;Justine_GRUET;femme
039-03;PRAT;Hervé;0;;
040-01;DARRIEUSSECQ;Geneviève;27123;Geneviève_DARRIEUSSECQ;femme
040-01;DE BARBEYRAC;Guy;0;;
040-02;CAUSSE;Lionel;30305;Lionel_CAUSSE;homme
040-02;LESPADE;Jean-Marc;0;;
040-03;VALLAUD;Boris;28998;Boris_VALLAUD;homme
040-03;BROQUÈRES;Jean-Francois;0;;
041-01;FESNEAU;Marc;20249;Marc_FESNEAU;homme
041-01;BELKADI;Reda;0;;
041-02;CHUDEAU;Roger;18107;Roger_CHUDEAU;homme
041-02;CHAPLAULT;Emmanuelle;0;;
041-03;MARION;Christophe;21158;Christophe_MARION;homme
041-03;BARDET;Marine;0;;
042-01;BATAILLON;Quentin;13231;Quentin_BATAILLON;homme
042-01;COPIN;Laetitia;0;;
042-02;TAURINYA;Andrée;10488;Andrée_TAURINYA;femme
042-02;MIS;Jean-Michel;0;;
042-03;MANDON;Emmanuel;18807;Emmanuel_MANDON;homme
042-03;BONY;Vincent;0;;
042-04;CINIERI;Dino;27847;Dino_CINIERI;homme
042-04;PAEMELAERE;Bernard;0;;
042-05;VERMOREL-MARQUES;Antoine;24575;Antoine_VERMOREL-MARQUES;homme
042-05;SARLES;Nathalie;0;;
042-06;TAITE;Jean-Pierre;25050;Jean-Pierre_TAITE;homme
042-06;BOROWCZYK;Julien;0;;
043-01;VALENTIN;Isabelle;32478;Isabelle_VALENTIN;femme
043-01;GACON;Celline;0;;
043-02;VIGIER;Jean-Pierre;25621;Jean-Pierre_VIGIER;homme
043-02;SIGAUX;Azelma;0;;
044-01;BELHAMITI;Mounir;20367;Mounir_BELHAMITI;homme
044-01;BENBRAHIM;Karim;0;;
044-02;KERBRAT;Andy;26851;Andy_KERBRAT;homme
044-02;OPPELT;Valérie;0;;
044-03;AMIOT;Ségolène;24837;Ségolène_AMIOT;femme
044-03;BRUNET;Anne-France;0;;
044-04;LAERNOES;Julie;26411;Julie_LAERNOES;femme
044-04;AMADOU;Aude;0;;
044-05;EL HAIRY;Sarah;33834;Sarah_EL HAIRY;femme
044-05;LALANDE;Sabine;0;;
044-06;RAUX;Jean-Claude;26852;Jean-Claude_RAUX;homme
044-06;ESNAULT;Jordan;0;;
044-07;JOSSO;Sandrine;31074;Sandrine_JOSSO;femme
044-07;MAHÉ;Veronique;0;;
044-08;TAVEL;Matthias;21596;Matthias_TAVEL;homme
044-08;DUFEU;Audrey;0;;
044-09;HAURY;Yannick;31625;Yannick_HAURY;homme
044-09;MACON;Hélène;0;;
044-10;ERRANTE;Sophie;32852;Sophie_ERRANTE;femme
044-10;CAILLETEAU;Bruno;0;;
045-01;RIST;Stéphanie;20163;Stéphanie_RIST;femme
045-01;KOUNOWSKI;Ghislaine;0;;
045-02;JANVIER;Caroline;20535;Caroline_JANVIER;femme
045-02;DUPLESSY;Emmanuel;0;;
045-03;PARIS;Mathilde;16846;Mathilde_PARIS;femme
045-03;BARBIER;Carine;0;;
045-04;MÉNAGÉ;Thomas;19087;Thomas_MÉNAGÉ;homme
045-04;NOTTIN;Bruno;0;;
045-05;BROSSE;Anthony;15747;Anthony_BROSSE;homme
045-05;MANENT;Valentin;0;;
045-06;RAMOS;Richard;18865;Richard_RAMOS;homme
045-06;HICTER;Olivier;0;;
046-01;PRADIÉ;Aurélien;25615;Aurélien_PRADIÉ;homme
046-01;BOUGEARD;Elsa;0;;
046-02;TIEGNA;Huguette;;Huguette_TIEGNA;femme
046-02;GROSSEMY;Thierry;0;;
046-02;PROENÇA;Christophe;0;;
047-01;LAUZZANA;Michel;20328;Michel_LAUZZANA;homme
047-01;DELBOSQ;Sébastien;0;;
047-02;LAPORTE;Hélène;;Hélène_LAPORTE;femme
047-02;COURREGELONGUE;Christophe;0;;
047-02;FRESCHI;Alexandre;0;;
047-03;COUSIN;Annick;18747;Annick_COUSIN;femme
047-03;CZAPLA;Xavier;0;;
048-01;MOREL A L'HUISSIER;Pierre;17355;Pierre_MOREL A L'HUISSIER;homme
048-01;DESCAVES;Sandrine;0;;
049-01;GERNIGON;François;22724;François_GERNIGON;homme
049-01;SAEIDI;Arash;0;;
049-02;DUPONT;Stella;25005;Stella_DUPONT;femme
049-02;BESSAT;Caroline;0;;
049-03;BLIN;Anne-Laure;19020;Anne-Laure_BLIN;femme
049-03;ROUDÉVITCH;Véronique;0;;
049-04;SAINT-PAUL;Laëtitia;19913;Laëtitia_SAINT-PAUL;femme
049-04;RABAULT;Caroline;0;;
049-05;MASSEGLIA;Denis;19395;Denis_MASSEGLIA;homme
049-05;AIRAUD;Christophe;0;;
049-06;DUBRE CHIRAT;Nicole;24615;Nicole_DUBRE CHIRAT;femme
049-06;AMGHAR;Tassadit;0;;
049-07;BOLO;Philippe;20865;Philippe_BOLO;homme
049-07;JOUANNEAU;Guillaume;0;;
050-01;GOSSELIN;Philippe;27166;Philippe_GOSSELIN;homme
050-01;HÉDOUIN;Guillaume;0;;
050-02;SORRE;Bertrand;28280;Bertrand_SORRE;homme
050-02;GRIMBERT;Patrick;0;;
050-03;TRAVERT;Stéphane;27829;Stéphane_TRAVERT;homme
050-03;VEROVE;Gaëlle;0;;
050-04;PIC;Anna;20482;Anna_PIC;femme
050-04;KRIMI;Sonia;0;;
051-01;ALBERTINI;Xavier;15898;Xavier_ALBERTINI;homme
051-01;BOURGOIN;Evelyne;0;;
051-02;FRIGOUT;Anne-Sophie;14655;Anne-Sophie_FRIGOUT;femme
051-02;MEGUENINE;Lynda;0;;
051-03;GIRARDIN;Eric;16836;Eric_GIRARDIN;homme
051-03;MARC;Jennifer;0;;
051-04;MAGNIER;Lise;17294;Lise_MAGNIER;femme
051-04;BESSON;Thierry;0;;
051-05;DE COURSON;Charles;21325;Charles_DE COURSON;homme
051-05;THIONNET;Pierre;0;;
052-01;BENTZ;Christophe;16201;Christophe_BENTZ;homme
052-01;ABBA;Bérangère;0;;
052-02;ROBERT-DEHAULT;Laurence;13877;Laurence_ROBERT-DEHAULT;femme
052-02;CORNUT-GENTILLE;François;0;;
053-01;GAROT;Guillaume;20178;Guillaume_GAROT;homme
053-01;MOTTIER;Béatrice;0;;
053-02;BANNIER;Géraldine;19812;Géraldine_BANNIER;femme
053-02;BOISSEAU;Grégory;0;;
053-03;FAVENNEC;Yannick;;Yannick_FAVENNEC;homme
054-01;GRANDJEAN;Carole;19520;Carole_GRANDJEAN;femme
054-01;JOUIRA;Nordine;0;;
054-02;LACRESSE;Emmanuel;15689;Emmanuel_LACRESSE;homme
054-02;HABLOT;Stéphane;0;;
054-03;ETIENNE;Martine;13886;Martine_ETIENNE;femme
054-03;PALUSZKIEWICZ;Xavier;0;;
054-04;BAZIN;Thibault;24952;Thibault_BAZIN;homme
054-04;BILDE;Dominique;0;;
054-05;POTIER;Dominique;21781;Dominique_POTIER;homme
054-05;MORENVILLIER;Philippe;0;;
054-06;FIAT;Caroline;16132;Caroline_FIAT;femme
054-06;BOULOGNE;Anthony;0;;
055-01;PANCHER;Bertrand;19027;Bertrand_PANCHER;homme
055-01;GAUDINEAU;Brigitte;0;;
055-02;GOULET;Florence;13269;Florence_GOULET;femme
055-02;BOIS;Anne;0;;
056-01;LE HÉNANFF;Anne;34382;Anne_LE HÉNANFF;femme
056-01;FOUCAULT;Luc;0;;
056-02;PAHUN;Jimmy;32026;Jimmy_PAHUN;homme
056-02;KIRCHNER;Karol;0;;
056-03;LE PEIH;Nicole;24283;Nicole_LE PEIH;femme
056-03;DORE-LUCAS;Marie Madeleine;0;;
056-04;MOLAC;Paul;37678;Paul_MOLAC;homme
056-04;GUEGAN;Rozenn;0;;
056-05;MÉTAYER;Lysiane;19666;Lysiane_MÉTAYER;femme
056-05;GIRARD;Damien;0;;
056-06;JACQUES;Jean-Michel;23925;Jean-Michel_JACQUES;homme
056-06;BAUDRY;Jean-Michel;0;;
057-01;BELHADDAD;Belkhir;17532;Belkhir_BELHADDAD;homme
057-01;LALOUX;Grégoire;0;;
057-02;MENDES;Ludovic;16764;Ludovic_MENDES;homme
057-02;LAHORE;Lisa;0;;
057-03;LEDUC;Charlotte;14012;Charlotte_LEDUC;femme
057-03;GROLET;Françoise;0;;
057-04;DI FILIPPO;Fabien;22655;Fabien_DI FILIPPO;homme
057-04;RAMBOUR;Michel;0;;
057-05;SEITLINGER;Vincent;16413;Vincent_SEITLINGER;homme
057-05;VOINÇON;Marie-Claude;0;;
057-06;PFEFFER;Kévin;12368;Kévin_PFEFFER;homme
057-06;AREND;Christophe;0;;
057-07;LOUBET;Alexandre;18424;Alexandre_LOUBET;homme
057-07;ZANNIER;Hélène;0;;
057-08;JACOBELLI;Laurent;15176;Laurent_JACOBELLI;homme
057-08;LEGER;Céline;0;;
057-09;RAUCH;Isabelle;20048;Isabelle_RAUCH;femme
057-09;VAÏSSE;Brigitte;0;;
058-01;GOULET;Perrine;16554;Perrine_GOULET;femme
058-01;VIGNERON;Pauline;0;;
058-02;PERROT;Patrice;;Patrice_PERROT;homme
058-02;GUIBERT;Julien;0;;
058-02;GUILLEMAIN;Marie Anne;0;;
059-01;QUATENNENS;Adrien;17428;Adrien_QUATENNENS;homme
059-01;DUHAMEL;Vanessa;0;;
059-02;BERNALICIS;Ugo;21740;Ugo_BERNALICIS;homme
059-02;ELEGEEST;Rudy;0;;
059-03;SAINT-HUILE;Benjamin;18448;Benjamin_SAINT-HUILE;homme
059-03;DELANNOY;Sandra;0;;
059-04;LISO;Brigitte;25445;Brigitte_LISO;femme
059-04;DELEPIERE;Octave;0;;
059-05;CATTEAU;Victor;20658;Victor_CATTEAU;homme
059-05;DELNESTE;Ophélie;0;;
059-06;PARMENTIER-LECOCQ;Charlotte;27387;Charlotte_PARMENTIER-LECOCQ;femme
059-06;PEREIRA;Célia;0;;
059-07;GÉRARD;Félicie;16600;Félicie_GÉRARD;femme
059-07;CHOUIA;Karima;0;;
059-08;GUIRAUD;David;12585;David_GUIRAUD;homme
059-08;OSSON;Catherine;0;;
059-09;SPILLEBOUT;Violette;23990;Violette_SPILLEBOUT;femme
059-09;VIDAL-SAGNIER;Odile;0;;
059-10;DARMANIN;Gérald;16193;Gérald_DARMANIN;homme
059-10;MORTREUX;Leslie;0;;
059-11;VICOT;Roger;22143;Roger_VICOT;homme
059-11;PIETRASZEWSKI;Laurent;0;;
059-12;TAVERNE;Michaël;20415;Michaël_TAVERNE;homme
059-12;CATTELOT;Anne Laure;0;;
059-13;DECODTS;Christine;16497;Christine_DECODTS;femme
059-13;DUVAL;Yohann;0;;
059-14;CHRISTOPHE;Paul;22916;Paul_CHRISTOPHE;homme
059-14;CUVELIER;Pierrette;0;;
059-15;BERTELOOT;Pierrick;21367;Pierrick_BERTELOOT;homme
059-15;DUCOURANT;Emilie;0;;
059-16;MARCHIO;Matthieu;16316;Matthieu_MARCHIO;homme
059-16;BRUNEEL;Alain;0;;
059-17;FRANCOIS;Thibaut;15408;Thibaut_FRANCOIS;homme
059-17;HOUBRON;Dimitri;0;;
059-18;BRICOUT;Guy;19211;Guy_BRICOUT;homme
059-18;DISDIER;Mélanie;0;;
059-19;CHENU;Sébastien;17451;Sébastien_CHENU;homme
059-19;SOLOCH;Patrick;0;;
059-20;ROUSSEL;Fabien;16439;Fabien_ROUSSEL;homme
059-20;FLORQUIN;Guillaume;0;;
059-21;DESCAMPS;Béatrice;17199;Béatrice_DESCAMPS;femme
059-21;VALENTIN;Océane;0;;
060-01;HABERT-DASSAULT;Victor;20480;Victor_HABERT-DASSAULT;homme
060-01;MAGNIER;David;0;;
060-02;BALLARD;Philippe;21451;Philippe_BALLARD;homme
060-02;HERBANNE;Chanez;0;;
060-03;SABATOU;Alexandre;14066;Alexandre_SABATOU;homme
060-03;LABATUT;Valérie;0;;
060-04;WOERTH;Eric;21201;Eric_WOERTH;homme
060-04;HAVEZ;Audrey;0;;
060-05;VATIN;Pierre;18430;Pierre_VATIN;homme
060-05;LAMZOUDI;Myriam;0;;
060-06;GUINIOT;Michel;17135;Michel_GUINIOT;homme
060-06;BUREAU-BONNARD;Carole;0;;
060-07;MINOT;Maxime;18442;Maxime_MINOT;homme
060-07;PEN;Loïc;0;;
061-01;JOURDAN;Chantal;14776;Chantal_JOURDAN;femme
061-01;DUHARD;Marie-Annick;0;;
061-02;LOUWAGIE;Véronique;18118;Véronique_LOUWAGIE;femme
061-02;MOREL;Alexandre;0;;
061-03;NURY;Jérôme;21603;Jérôme_NURY;homme
061-03;FRÉMONT;Anthony;0;;
062-01;BLAIRY;Emmanuel;27380;Emmanuel_BLAIRY;homme
062-01;DUVERGÉ;Bruno;0;;
062-02;MAQUET;Jacqueline;20971;Jacqueline_MAQUET;femme
062-02;HEUSÈLE;Alban;0;;
062-03;TELLIER;Jean-Marc;16294;Jean-Marc_TELLIER;homme
062-03;CLAVET;Bruno;0;;
062-04;FAIT;Philippe;23331;Philippe_FAIT;homme
062-04;VANPEENE;Françoise;0;;
062-05;PONT;Jean-Pierre;18102;Jean-Pierre_PONT;homme
062-05;GOLLIOT;Antoine;0;;
062-06;ENGRAND;Christine;21858;Christine_ENGRAND;femme
062-06;BOURGUIGNON;Brigitte;0;;
062-07;DUMONT;Pierre-Henri;20132;Pierre-Henri_DUMONT;homme
062-07;DE FLEURIAN;Marc;0;;
062-08;PETIT;Bertrand;22801;Bertrand_PETIT;homme
062-08;EVRARD;Auguste;0;;
062-09;PARMENTIER;Caroline;18587;Caroline_PARMENTIER;femme
062-09;DEPREZ-AUDEBERT;Marguerite;0;;
062-10;FRAPPÉ;Thierry;22685;Thierry_FRAPPÉ;homme
062-10;DAGBERT;Michel;0;;
062-11;LE PEN;Marine;22301;Marine_LE PEN;femme
062-11;TONDELIER;Marine;0;;
062-12;BILDE;Bruno;20855;Bruno_BILDE;homme
062-12;DARRAS;Jérôme;0;;
063-01;MAXIMI;Marianne;18189;Marianne_MAXIMI;femme
063-01;THOMAS;Valérie;0;;
063-02;PIRÈS BEAUNE;Christine;26613;Christine_PIRÈS BEAUNE;femme
063-02;MONNET;Karina;0;;
063-03;VICHNIEVSKY;Laurence;23042;Laurence_VICHNIEVSKY;femme
063-03;BONNET;Nicolas;0;;
063-04;LINGEMANN;Delphine;22680;Delphine_LINGEMANN;femme
063-04;GOLÉO;Valérie;0;;
063-05;CHASSAIGNE;André;30966;André_CHASSAIGNE;homme
063-05;CARLETTO;Brigitte;0;;
064-01;POUEYTO;Josy;16929;Josy_POUEYTO;femme
064-01;LALANNE;Jean-Yves;0;;
064-02;MATTEI;Jean-Paul;21720;Jean-Paul_MATTEI;homme
064-02;FAURE;Cécile;0;;
064-03;HABIB;David;26414;David_HABIB;homme
064-03;BABY;Jean-François;0;;
064-04;ECHANIZ;Inaki;19935;Inaki_ECHANIZ;homme
064-04;TROUNDAY;Annick;0;;
064-05;LASSERRE;Florence;24184;Florence_LASSERRE;femme
064-05;PEREIRA-OSTANEL;Sandra;0;;
064-06;BRU;Vincent;27994;Vincent_BRU;homme
064-06;DUBOIS--ROBIN;Tom;0;;
065-01;FERRER;Sylvie;20656;Sylvie_FERRER;femme
065-01;SEMPASTOUS;Jean-Bernard;0;;
065-02;MOURNET;Benoit;21073;Benoit_MOURNET;homme
065-02;KORN;Grégory;0;;
066-01;BLANC;Sophie;15859;Sophie_BLANC;femme
066-01;GRAU;Romain;0;;
066-02;SABATINI;Anaïs;26682;Anaïs_SABATINI;femme
066-02;LIS;Frédérique;0;;
066-03;DOGOR-SUCH;Sandrine;19299;Sandrine_DOGOR-SUCH;femme
066-03;CULLELL;Nathalie;0;;
066-04;MARTINEZ;Michèle;24332;Michèle_MARTINEZ;femme
066-04;CAZENOVE;Sébastien;0;;
067-01;REGOL;Sandra;15569;Sandra_REGOL;femme
067-01;FONTANEL;Alain;0;;
067-02;FERNANDES;Emmanuel;16990;Emmanuel_FERNANDES;homme
067-02;WASERMAN;Sylvain;0;;
067-03;STUDER;Bruno;16357;Bruno_STUDER;homme
067-03;MAS;Sébastien;0;;
067-04;BUFFET;Françoise;26874;Françoise_BUFFET;femme
067-04;LAHMEUR;Imane;0;;
067-05;SITZENSTUHL;Charles;25426;Charles_SITZENSTUHL;homme
067-05;WOLFF;Marc;0;;
067-06;MOREL;Louise;23080;Louise_MOREL;femme
067-06;STEINBACH;Jean-Frédéric;0;;
067-07;HETZEL;Patrick;21676;Patrick_HETZEL;homme
067-07;ESCHENMANN;Valérie;0;;
067-08;KOCHERT;Stéphanie;21373;Stéphanie_KOCHERT;femme
067-08;KNOEPFFLER;Ludwig;0;;
067-09;THIEBAUT;Vincent;22108;Vincent_THIEBAUT;homme
067-09;GNAEDIG;Laurent;0;;
068-01;KLINKERT;Brigitte;14141;Brigitte_KLINKERT;femme
068-01;HEMEDINGER;Yves;0;;
068-02;OTT;Hubert;17947;Hubert_OTT;homme
068-02;CATTIN;Jacques;0;;
068-03;LEMAIRE;Didier;18757;Didier_LEMAIRE;homme
068-03;ZIMMERMANN;Christian;0;;
068-04;SCHELLENBERGER;Raphaël;22214;Raphaël_SCHELLENBERGER;homme
068-04;WILHELM;Marion;0;;
068-05;BECHT;Olivier;18443;Olivier_BECHT;homme
068-05;EL HAJJAJI;Nadia;0;;
068-06;FUCHS;Bruno;18604;Bruno_FUCHS;homme
068-06;RITZ;Christelle;0;;
069-01;RUDIGOZ;Thomas;18803;Thomas_RUDIGOZ;homme
069-01;GRIES;Aurélie;0;;
069-02;JULIEN-LAFERRIERE;Hubert;20847;Hubert_JULIEN-LAFERRIERE;homme
069-02;TERRENES;Loic;0;;
069-03;GARIN;Marie-Charlotte;21105;Marie-Charlotte_GARIN;femme
069-03;PEILLON;Sarah;0;;
069-04;BRUGNERA;Anne;24803;Anne_BRUGNERA;femme
069-04;BADOUARD;Benjamin;0;;
069-05;BROCARD;Blandine;29198;Blandine_BROCARD;femme
069-05;MATTEUCCI;Fabrice;0;;
069-06;AMARD;Gabriel;20397;Gabriel_AMARD;homme
069-06;HAZIZA;Emmanuelle;0;;
069-07;VINCENDET;Alexandre;14801;Alexandre_VINCENDET;homme
069-07;LAHMAR;Abdelkader;0;;
069-08;SERRE;Nathalie;21855;Nathalie_SERRE;femme
069-08;DESPRAS;Dominique;0;;
069-09;PORTIER;Alexandre;22385;Alexandre_PORTIER;homme
069-09;MÉJEAN;Ambroise;0;;
069-10;GASSILLOUD;Thomas;30089;Thomas_GASSILLOUD;homme
069-10;EDERY;Michèle;0;;
069-11;FUGIT;Jean-Luc;25864;Jean-Luc_FUGIT;homme
069-11;YOUSFI;Abdel;0;;
069-12;ISAAC-SIBILLE;Cyrille;24244;Cyrille_ISAAC-SIBILLE;homme
069-12;BAUDIN;Jean-François;0;;
069-13;TANZILLI;Sarah;22200;Sarah_TANZILLI;femme
069-13;PRANDT;Victor;0;;
069-14;BOUMERTIT;Idir;13798;Idir_BOUMERTIT;homme
069-14;BLEIN;Yves;0;;
070-01;VILLEDIEU;Antoine;22497;Antoine_VILLEDIEU;homme
070-01;BESSOT BALLOT;Barbara;0;;
070-02;SALMON;Emeric;22245;Emeric_SALMON;homme
070-02;LEJEUNE;Christophe;0;;
071-01;DIRX;Benjamin;18349;Benjamin_DIRX;homme
071-01;MONIN;Patrick;0;;
071-02;CORNELOUP;Josiane;22823;Josiane_CORNELOUP;femme
071-02;VINAUGER;Céline;0;;
071-03;REBEYROTTE;Rémy;18482;Rémy_REBEYROTTE;homme
071-03;BAROIN;Sandrine;0;;
071-04;UNTERMAIER;Cécile;19421;Cécile_UNTERMAIER;femme
071-04;DELOGE;Valérie;0;;
071-05;MARGUERITTE;Louis;17893;Louis_MARGUERITTE;homme
071-05;RIBOULET;Eric;0;;
072-01;DELPECH;Julie;17300;Julie_DELPECH;femme
072-01;BONNET;Ghislaine;0;;
072-02;KARAMANLI;Marietta;20399;Marietta_KARAMANLI;femme
072-02;FURET;Angéline;0;;
072-03;MARTINEAU;Eric;18394;Eric_MARTINEAU;homme
072-03;PINÇON;Bruno;0;;
072-04;LEBOUCHER;Elise;14891;Elise_LEBOUCHER;femme
072-04;DE MALHERBE;Raymond;0;;
072-05;GRELIER;Jean-Carles;21174;Jean-Carles_GRELIER;homme
072-05;DE VIGNERAL;Victoria;0;;
073-01;FERRARI;Marina;24051;Marina_FERRARI;femme
073-01;GRANATA;Christel;0;;
073-02;ROLLAND;Vincent;20474;Vincent_ROLLAND;homme
073-02;MORAND;Cédric;0;;
073-03;BONNIVARD;Emilie;23149;Emilie_BONNIVARD;femme
073-03;KRAWEZYNSKI;Nathalie;0;;
073-04;COULOMME;Jean-François;18083;Jean-François_COULOMME;homme
073-04;MIGNOLA;Patrick;0;;
074-01;RIOTTON;Véronique;29312;Véronique_RIOTTON;femme
074-01;DUVAL;Anne-Valérie;0;;
074-02;ARMAND;Antoine;25809;Antoine_ARMAND;homme
074-02;FONTANA;Loris;0;;
074-03;PETEX-LEVET;Christelle;23882;Christelle_PETEX-LEVET;femme
074-03;VANEECKELOOT-TASSA;Fabienne;0;;
074-04;DUBY-MULLER;Virginie;23171;Virginie_DUBY-MULLER;femme
074-04;VERVOORT;Valérian;0;;
074-05;VIOLLAND;Anne-Cécile;23873;Anne-Cécile_VIOLLAND;femme
074-05;MARTIN-COCHER;Odile;0;;
074-06;ROSEREN;Xavier;19398;Xavier_ROSEREN;homme
074-06;MARTIN;Dominique;0;;
075-01;MAILLARD;Sylvain;28655;Sylvain_MAILLARD;homme
075-01;LUQUET;Thomas;0;;
075-02;LE GENDRE;Gilles;25471;Gilles_LE GENDRE;homme
075-02;ROSSET;Marine;0;;
075-03;GUERINI;Stanislas;19612;Stanislas_GUERINI;homme
075-03;BALAGE EL MARIKY;Léa;0;;
075-04;PANOSYAN-BOUVET;Astrid;19158;Astrid_PANOSYAN-BOUVET;femme
075-04;KUSTER;Brigitte;0;;
075-05;BAYOU;Julien;24857;Julien_BAYOU;homme
075-05;FAJGELES;Elise;0;;
075-06;CHIKIROU;Sophia;;Sophia_CHIKIROU;femme
075-07;BEAUNE;Clément;22916;Clément_BEAUNE;homme
075-07;MECARY;Caroline;0;;
075-08;SAS;Eva;23824;Eva_SAS;femme
075-08;AVIA;Laëtitia;0;;
075-09;ROUSSEAU;Sandrine;20634;Sandrine_ROUSSEAU;femme
075-09;TAN;Buon;0;;
075-10;ARENAS;Rodrigo;19808;Rodrigo_ARENAS;homme
075-10;LANG;Anne-Christine;0;;
075-11;GATEL;Maud;23407;Maud_GATEL;femme
075-11;POLSKI;Olivia;0;;
075-12;GREGOIRE;Olivia;26908;Olivia_GREGOIRE;femme
075-12;MALAISÉ;Céline;0;;
075-13;AMIEL;David;23982;David_AMIEL;homme
075-13;NIAKATÉ;Aminata;0;;
075-14;HADDAD;Benjamin;19742;Benjamin_HADDAD;homme
075-14;SZPINER;Francis;0;;
075-15;SIMONNET;Danielle;20897;Danielle_SIMONNET;femme
075-15;EL AARAJE;Lamia;0;;
075-16;LEGRAIN;Sarah;;Sarah_LEGRAIN;femme
075-17;OBONO;Danièle;;Danièle_OBONO;femme
075-18;CARON;Aymeric;19914;Aymeric_CARON;homme
075-18;BOURNAZEL;Pierre-Yves;0;;
076-01;ADAM;Damien;15822;Damien_ADAM;homme
076-01;DA SILVA;Maxime;0;;
076-02;VIDAL;Annie;26856;Annie_VIDAL;femme
076-02;DUVAL;Sébastien;0;;
076-03;WULFRANC;Hubert;18867;Hubert_WULFRANC;homme
076-03;TESSIER;Salomée;0;;
076-04;DUFOUR;Alma;17763;Alma_DUFOUR;femme
076-04;PENNELLE;Guillaume;0;;
076-05;LESEUL;Gérard;22872;Gérard_LESEUL;homme
076-05;MONTIER;Jean-Cyril;0;;
076-06;JUMEL;Sébastien;27801;Sébastien_JUMEL;homme
076-06;MARTIN;Patrice;0;;
076-07;FIRMIN LE BODO;Agnès;21578;Agnès_FIRMIN LE BODO;femme
076-07;DUBOC;Nancy;0;;
076-08;LECOQ;Jean-Paul;15117;Jean-Paul_LECOQ;homme
076-08;ECHCHENNA;Wasil;0;;
076-09;POUSSIER-WINSBACK;Marie-Agnès;21352;Marie-Agnès_POUSSIER-WINSBACK;femme
076-09;GOURY;Nicolas;0;;
076-10;BATUT;Xavier;25899;Xavier_BATUT;homme
076-10;THOMAS;Anaïs;0;;
077-01;LUQUET;Aude;14994;Aude_LUQUET;femme
077-01;SAINT-MARTIN;Arnaud;0;;
077-02;VALLETOUX;Frédéric;20037;Frédéric_VALLETOUX;homme
077-02;MOLINA;Marie-Pierre;0;;
077-03;THIÉRIOT;Jean-Louis;18422;Jean-Louis_THIÉRIOT;homme
077-03;GÉRÔME-DELGADO;Elodie;0;;
077-04;PERIGAULT;Isabelle;18866;Isabelle_PERIGAULT;femme
077-04;DUROX;Aymeric;0;;
077-05;RIESTER;Franck;17949;Franck_RIESTER;homme
077-05;LENORMAND;François;0;;
077-06;ROULLAUD;Béatrice;15399;Béatrice_ROULLAUD;femme
077-06;DELAGE;Valérie;0;;
077-07;SOUDAIS;Ersilia;16732;Ersilia_SOUDAIS;femme
077-07;BERNARD;Didier;0;;
077-08;GHOMI;Hadrien;19323;Hadrien_GHOMI;homme
077-08;BONNET;Arnaud;0;;
077-09;PEYRON;Michèle;17454;Michèle_PEYRON;femme
077-09;NOVAIS;Pascal;0;;
077-10;LAISNEY;Maxime;17724;Maxime_LAISNEY;homme
077-10;DO;Stéphanie;0;;
077-11;FAURE;Olivier;15453;Olivier_FAURE;homme
077-11;PÉCULIER;Charlyne;0;;
078-01;RODWELL;Charles;25707;Charles_RODWELL;homme
078-01;RAMAGE;Sébastien;0;;
078-02;BARROT;Jean-Noël;28559;Jean-Noël_BARROT;homme
078-02;CARRIVE-BEDOUANI;Maïté;0;;
078-03;PIRON;Béatrice;28327;Béatrice_PIRON;femme
078-03;BRODY;Louise;0;;
078-04;LEBEC;Marie;25888;Marie_LEBEC;femme
078-04;BOURDON;Céline;0;;
078-05;BRAUN-PIVET;Yaël;23336;Yaël_BRAUN-PIVET;femme
078-05;THEVENET;Sophie;0;;
078-06;POUZYREFF;Natalia;22244;Natalia_POUZYREFF;femme
078-06;SAUGER;Mélinda;0;;
078-07;HAI;Nadia;19838;Nadia_HAI;femme
078-07;CHRISTOPHOUL;Michèle;0;;
078-08;LUCAS;Benjamin;15849;Benjamin_LUCAS;homme
078-08;HERVIEUX;Edwige;0;;
078-09;MILLIENNE;Bruno;21450;Bruno_MILLIENNE;homme
078-09;MORIN;Laurent;0;;
078-10;BERGÉ;Aurore;28169;Aurore_BERGÉ;femme
078-10;BRIOLAIS;Cédric;0;;
078-11;MARTINET;William;15759;William_MARTINET;homme
078-11;PIACENZA;Aurélie;0;;
078-12;OLIVE;Karl;20069;Karl_OLIVE;homme
078-12;LEGRIS;Edwin;0;;
079-01;MARCHIVE;Bastien;22511;Bastien_MARCHIVE;homme
079-01;CHARRON;François;0;;
079-02;BATHO;Delphine;25014;Delphine_BATHO;femme
079-02;ROCHEFORT;Cécilia;0;;
079-03;FIÉVET;Jean-Marie;20675;Jean-Marie_FIÉVET;homme
079-03;WOILLEZ;Juliette;0;;
080-01;RUFFIN;François;19731;François_RUFFIN;homme
080-01;RIBEIRO-BILLET;Nathalie;0;;
080-02;POMPILI;Barbara;18162;Barbara_POMPILI;femme
080-02;HAMDANE;Zahia;0;;
080-03;MAQUET;Emmanuel;21266;Emmanuel_MAQUET;homme
080-03;LOTTIN;Nicolas;0;;
080-04;TANGUY;Jean-Philippe;21136;Jean-Philippe_TANGUY;homme
080-04;LECLABART;Jean-Claude;0;;
080-05;MENACHE;Yael;20859;Yael_MENACHE;femme
080-05;ANCELET;Guillaume;0;;
081-01;CABROLIER;Frédéric;19125;Frédéric_CABROLIER;homme
081-01;POUJADE;Gérard;0;;
081-02;ERODI;Karen;;Karen_ERODI;femme
081-02;VERDIER-JOUCLAS;Marie-Christine;0;;
081-02;BACOU;Julien;0;;
081-03;TERLIER;Jean;25496;Jean_TERLIER;homme
081-03;LASSALLE;Julien;0;;
082-01;RABAULT;Valérie;25327;Valérie_RABAULT;femme
082-01;POMA;Pierre;0;;
082-02;HAMELET;Marine;23678;Marine_HAMELET;femme
082-02;ASTRUC;Christian;0;;
083-01;CHENEVARD;Yannick;15649;Yannick_CHENEVARD;homme
083-01;NAVARRANNE;Amaury;0;;
083-02;LAVALETTE;Laure;19756;Laure_LAVALETTE;femme
083-02;MUSSO;Ange;0;;
083-03;RAMBAUD;Stephane;23307;Stephane_RAMBAUD;homme
083-03;MONFORT;Isabelle;0;;
083-04;LOTTIAUX;Philippe;25581;Philippe_LOTTIAUX;homme
083-04;MAUBORGNE;Sereine;0;;
083-05;LECHANTEUX;Julie;24342;Julie_LECHANTEUX;femme
083-05;MICHEL-KLEISBAUER;Philippe;0;;
083-06;GILETTI;Frank;30241;Frank_GILETTI;homme
083-06;GOMEZ-BASSAC;Valérie;0;;
083-07;BOCCALETTI;Frédéric;22311;Frédéric_BOCCALETTI;homme
083-07;MUSCHOTTI;Cécile;0;;
083-08;SCHRECK;Philippe;25576;Philippe_SCHRECK;homme
083-08;MATRAS;Fabien;0;;
084-01;HEBRARD;Joris;14721;Joris_HEBRARD;homme
084-01;FARYSSY;Farid;0;;
084-02;AUZANOT;Bénédicte;19210;Bénédicte_AUZANOT;femme
084-02;VIALA;Sylvie;0;;
084-03;DE LÉPINAU;Hervé;19604;Hervé_DE LÉPINAU;homme
084-03;MORENAS;Adrien;0;;
084-04;LORHO;Marie-France;21878;Marie-France_LORHO;femme
084-04;RICHARD;Violaine;0;;
084-05;LOVISOLO;Jean-François;18564;Jean-François_LOVISOLO;homme
084-05;THOMAS DE MALEVILLE;Marie;0;;
085-01;LATOMBE;Philippe;27887;Philippe_LATOMBE;homme
085-01;ETONNO;Lucie;0;;
085-02;BELLAMY;Béatrice;28722;Béatrice_BELLAMY;femme
085-02;HELARY;Nicolas;0;;
085-03;BUCHOU;Stéphane;36145;Stéphane_BUCHOU;homme
085-03;FILLET;Corinne;0;;
085-04;BESSE;Véronique;23336;Véronique_BESSE;femme
085-04;LEGUILLE-BALLOY;Martine;0;;
085-05;HENRIET;Pierre;22296;Pierre_HENRIET;homme
085-05;MAGNIN;Isabelle;0;;
086-01;BELLUCO;Lisa;18918;Lisa_BELLUCO;femme
086-01;BALLET-BLU;Françoise;0;;
086-02;HOULIÉ;Sacha;20267;Sacha_HOULIÉ;homme
086-02;SOUMAILLE;Valérie;0;;
086-03;LECAMP;Pascal;17496;Pascal_LECAMP;homme
086-03;SOULAT;Eric;0;;
086-04;TURQUOIS;Nicolas;16938;Nicolas_TURQUOIS;homme
086-04;LATUS;Marion;0;;
087-01;MAUDET;Damien;20710;Damien_MAUDET;homme
087-01;BEAUDOUIN HUBIERE;Sophie;0;;
087-02;DELAUTRETTE;Stéphane;26730;Stéphane_DELAUTRETTE;homme
087-02;MINGUET;Sabrina;0;;
087-03;MEUNIER;Manon;19551;Manon_MEUNIER;femme
087-03;SARDIN;Geoffroy;0;;
088-01;VIRY;Stéphane;21448;Stéphane_VIRY;homme
088-01;MOONS;Emmie;0;;
088-02;VALENCE;David;15823;David_VALENCE;homme
088-02;DUSSAUSAYE;Gaëtan;0;;
088-03;NAEGELEN;Christophe;21035;Christophe_NAEGELEN;homme
088-03;FRANÇOIS;Pierre;0;;
088-04;GAULTIER;Jean-Jacques;15440;Jean-Jacques_GAULTIER;homme
088-04;HUMBERT;Sébastien;0;;
089-01;GRENON;Daniel;16864;Daniel_GRENON;homme
089-01;LOURY;Florence;0;;
089-02;VILLIERS;André;16750;André_VILLIERS;homme
089-02;LOPEZ;Audrey;0;;
089-03;ODOUL;Julien;21429;Julien_ODOUL;homme
089-03;CROUZET;Michèle;0;;
090-01;BOUCARD;Ian;12037;Ian_BOUCARD;homme
090-01;SOUSTELLE;Christophe;0;;
090-02;CHAUCHE;Florian;9476;Florian_CHAUCHE;homme
090-02;CARNICER;Sophie;0;;
091-01;AMRANI;Farida;15471;Farida_AMRANI;femme
091-01;ZEGHOUF;Medhy;0;;
091-02;DA CONCEICAO CARVALHO;Nathalie;19607;Nathalie_DA CONCEICAO CARVALHO;femme
091-02;HILLAIRE;Mathieu;0;;
091-03;IZARD;Alexis;22706;Alexis_IZARD;homme
091-03;GUSTAVE;Steevy;0;;
091-04;RIXAIN;Marie-Pierre;24962;Marie-Pierre_RIXAIN;femme
091-04;DEME;Amadou;0;;
091-05;MIDY;Paul;18687;Paul_MIDY;homme
091-05;VILLANI;Cédric;0;;
091-06;GUEDJ;Jérôme;21213;Jérôme_GUEDJ;homme
091-06;DE MONTCHALIN;Amélie;0;;
091-07;REDA;Robin;15935;Robin_REDA;homme
091-07;LEJEUNE;Claire;0;;
091-08;DUPONT-AIGNAN;Nicolas;19306;Nicolas_DUPONT-AIGNAN;homme
091-08;CHAZETTE-GUILLET;Emilie;0;;
091-09;GUÉVENOUX;Marie;17005;Marie_GUÉVENOUX;femme
091-09;BELETRECHE;Nadhera;0;;
091-10;LÉAUMENT;Antoine;13321;Antoine_LÉAUMENT;homme
091-10;CARCASSET;Nadia;0;;
092-01;FAUCILLON;Elsa;16934;Elsa_FAUCILLON;femme
092-01;BADIN;Marie-Ange;0;;
092-02;PASQUINI;Francesca;;Francesca_PASQUINI;femme
092-02;ACHIDI;Baï-Audrey;0;;
092-02;AESCHLIMANN;Marie-Do;0;;
092-03;JUVIN;Philippe;;Philippe_JUVIN;homme
092-03;TAQUILLAIN;Aurélie;0;;
092-03;TIJ;Sara;0;;
092-04;SEBAIHI;Sabrina;18520;Sabrina_SEBAIHI;femme
092-04;FLORENNES;Isabelle;0;;
092-05;CALVEZ;Céline;21584;Céline_CALVEZ;femme
092-05;DRUET;Léa;0;;
092-06;LE GRIP;Constance;27688;Constance_LE GRIP;femme
092-06;BARBAUX;Julie;0;;
092-07;CAZENEUVE;Pierre;30710;Pierre_CAZENEUVE;homme
092-07;RATO;Sandro;0;;
092-08;THEVENOT;Prisca;23431;Prisca_THEVENOT;femme
092-08;LARROQUE COMOY;Annie;0;;
092-09;PELLERIN;Emmanuel;15838;Emmanuel_PELLERIN;homme
092-09;LOUAP;Pascal;0;;
092-10;ATTAL;Gabriel;24047;Gabriel_ATTAL;homme
092-10;SOUBELET;Cécile;0;;
092-11;SAINTOUL;Aurélien;19583;Aurélien_SAINTOUL;homme
092-11;ROSSI;Laurianne;0;;
092-12;BOURLANGES;Jean-Louis;27386;Jean-Louis_BOURLANGES;homme
092-12;THOMAS;Cathy;0;;
092-13;BREGEON;Maud;27864;Maud_BREGEON;femme
092-13;GAILLARD;Brice;0;;
093-01;COQUEREL;Eric;17455;Eric_COQUEREL;homme
093-01;DROMARD;Jeanne;0;;
093-02;PEU;Stéphane;13180;Stéphane_PEU;homme
093-02;BROOD;Anaïs;0;;
093-03;PORTES;Thomas;17085;Thomas_PORTES;homme
093-03;ANATO;Patrice;0;;
093-04;BOUROUAHA;Soumya;;Soumya_BOUROUAHA;femme
093-05;GARRIDO;Raquel;13107;Raquel_GARRIDO;femme
093-05;LAGARDE;Jean-Christophe;0;;
093-06;LACHAUD;Bastien;16046;Bastien_LACHAUD;homme
093-06;BAZIZ;Yasmina;0;;
093-07;CORBIÈRE;Alexis;;Alexis_CORBIÈRE;homme
093-08;KELOUA HACHI;Fatiha;13169;Fatiha_KELOUA HACHI;femme
093-08;CHARRIERE;Sylvie;0;;
093-09;TROUVÉ;Aurélie;20285;Aurélie_TROUVÉ;femme
093-09;SAADA;Alexandre;0;;
093-10;ABOMANGOLI;Nadège;14228;Nadège_ABOMANGOLI;femme
093-10;RAMADIER;Alain;0;;
093-11;AUTAIN;Clémentine;;Clémentine_AUTAIN;femme
093-12;LEGAVRE;Jérôme;11677;Jérôme_LEGAVRE;homme
093-12;TESTÉ;Stéphane;0;;
094-01;DESCROZAILLE;Frédéric;23949;Frédéric_DESCROZAILLE;homme
094-01;GUINTRAND;Thierry;0;;
094-02;GUETTÉ;Clémence;16523;Clémence_GUETTÉ;femme
094-02;MBAYE;Jean François;0;;
094-03;BOYARD;Louis;15087;Louis_BOYARD;homme
094-03;SAINT-MARTIN;Laurent;0;;
094-04;PETIT;Maud;18050;Maud_PETIT;femme
094-04;LEMAIRE;Mirabelle;0;;
094-05;LEFEVRE;Mathieu;23010;Mathieu_LEFEVRE;homme
094-05;LEGER;Julien;0;;
094-06;GOUFFIER-CHA;Guillaume;23416;Guillaume_GOUFFIER-CHA;homme
094-06;BOUHADA;May;0;;
094-07;KEKE;Rachel;14663;Rachel_KEKE;femme
094-07;MARACINEANU;Roxana;0;;
094-08;HERBILLON;Michel;25641;Michel_HERBILLON;homme
094-08;PAGÈS;Erik;0;;
094-09;SANTIAGO;Isabelle;13771;Isabelle_SANTIAGO;femme
094-09;ROSENBLUM;Jonathan;0;;
094-10;PANOT;Mathilde;18739;Mathilde_PANOT;femme
094-10;HARDOUIN;Philippe;0;;
094-11;TAILLÉ-POLIAN;Sophie;17977;Sophie_TAILLÉ-POLIAN;femme
094-11;CALVEZ;Erwann;0;;
095-01;CHANDLER;Emilie;18777;Emilie_CHANDLER;femme
095-01;IVORRA;Leïla;0;;
095-02;VUILLETET;Guillaume;17462;Guillaume_VUILLETET;homme
095-02;GEOFFROY-MARTIN;Sylvie;0;;
095-03;RILHAC;Cécile;21200;Cécile_RILHAC;femme
095-03;PELEGRIN;Carine;0;;
095-04;MOUTCHOU;Naïma;17869;Naïma_MOUTCHOU;femme
095-04;LACOUTURE;Karine;0;;
095-05;VANNIER;Paul;15645;Paul_VANNIER;homme
095-05;LAZAAR;Fiona;0;;
095-06;FOLEST;Estelle;17245;Estelle_FOLEST;femme
095-06;CATHALA;Gabrielle;0;;
095-07;DA SILVA;Dominique;13936;Dominique_DA SILVA;homme
095-07;ESKENAZI;Romain;0;;
095-08;BILONGO;Carlos Martens;11282;Carlos Martens_BILONGO;homme
095-08;PUPPONI;François;0;;
095-09;LE GALL;Arnaud;13432;Arnaud_LE GALL;homme
095-09;MARLY;Jean-Baptiste;0;;
095-10;TACHÉ;Aurélien;14636;Aurélien_TACHÉ;homme
095-10;LACHAS;Victorien;0;;
971-01;SERVA;Olivier;15624;Olivier_SERVA;homme
971-01;BIRAS;Dominique;0;;
971-02;BAPTISTE;Christian;15484;Christian_BAPTISTE;homme
971-02;BENIN;Justine;0;;
971-03;MATHIASIN;Max;12402;Max_MATHIASIN;homme
971-03;TOLASSY;Rody;0;;
971-04;CALIFER;Elie;;Elie_CALIFER;homme
972-01;WILLIAM;Jiovanny;11336;Jiovanny_WILLIAM;homme
972-01;EDMOND-MARIETTE;Philippe;0;;
972-02;NADEAU;Marcellin;12764;Marcellin_NADEAU;homme
972-02;PAMPHILE;Justin;0;;
972-03;HAJJAR;Johnny;7813;Johnny_HAJJAR;homme
972-03;CAROLE;Francis;0;;
972-04;NILOR;Jean-Philippe;15329;Jean-Philippe_NILOR;homme
972-04;MARIE-JEANNE;Alfred;0;;
973-01;CASTOR;Jean-Victor;9038;Jean-Victor_CASTOR;homme
973-01;GOUA;Yvane;0;;
973-02;RIMANE;Davy;8277;Davy_RIMANE;homme
973-02;ADAM;Lénaïck;0;;
974-01;NAILLET;Philippe;14876;Philippe_NAILLET;homme
974-01;MOREL;Jean Jacques;0;;
974-02;LEBON;Karine;18164;Karine_LEBON;femme
974-02;FONTAINE;Audrey;0;;
974-03;BASSIRE;Nathalie;15186;Nathalie_BASSIRE;femme
974-03;THIEN-AH-KOON;Patrice;0;;
974-04;K/BIDI;Emeline;27532;Emeline_K/BIDI;femme
974-04;LORION;David;0;;
974-05;RATENON;Jean-Hugues;17748;Jean-Hugues_RATENON;homme
974-05;ISSA;Ridwane;0;;
974-06;MAILLOT;Frédéric;12659;Frédéric_MAILLOT;homme
974-06;LAÏ-KANE-CHEONG;Alexandre;0;;
974-07;GAILLARD;Perceval;18425;Perceval_GAILLARD;homme
974-07;ROBERT;Thierry;0;;
975-01;LENORMAND;Stéphane;1329;Stéphane_LENORMAND;homme
975-01;GASTON;Olivier;0;;
976-01;YOUSSOUFFA;Estelle;12180;Estelle_YOUSSOUFFA;femme
976-01;NARAYANIN;Théophane;0;;
976-02;KAMARDINE;Mansour;14250;Mansour_KAMARDINE;homme
976-02;ISSA ABDOU;Issa;0;;
977-01;GUMBS;Frantz;3921;Frantz_GUMBS;homme
977-01;GIBBS;Daniel;0;;
986-01;SEO;Mikaele;3717;Mikaele_SEO;homme
986-01;MULUKIHAAMEA;Etuato;0;;
987-01;LE GAYIC;Tematai;19523;Tematai_LE GAYIC;homme
987-01;BOUTEAU;Nicole;0;;
987-02;CHAILLOUX;Steve;19978;Steve_CHAILLOUX;homme
987-02;TERIITAHI;Tepuaraurii;0;;
987-03;BROTHERSON;Moetai;21937;Moetai_BROTHERSON;homme
987-03;TUMAHAI;Tuterai;0;;
988-01;DUNOYER;Philippe;25652;Philippe_DUNOYER;homme
988-01;WAHETRA;Walisaune;0;;
988-02;METZDORF;Nicolas;31398;Nicolas_METZDORF;homme
988-02;REIGNIER;Gérard;0;;
999-01;LESCURE;Roland;;Roland_LESCURE;homme
999-02;CAROIT;Eléonore;;Eléonore_CAROIT;femme
999-03;HOLROYD;Alexandre;;Alexandre_HOLROYD;homme
999-04;GONDARD;Cécilia;;Cécilia_GONDARD;femme
999-05;VOJETTA;Stéphane;;Stéphane_VOJETTA;homme
999-06;FERRACCI;Marc;;Marc_FERRACCI;homme
999-07;PETIT;Frédéric;;Frédéric_PETIT;homme
999-08;HABIB;Meyer;;Meyer_HABIB;homme
999-09;BEN CHEÏKH;Karim;;Karim_BEN CHEÏKH;homme
999-10;LAKRAFI;Amélia;;Amélia_LAKRAFI;femme
999-11;GENETET;Anne;;Anne_GENETET;femme
